Column1,Column2,Column3,Column4,Column5,Column6,Column7,Column8,Column9,Column10,Column11,Column12,Column13,Column14,Column15
3.846151341619666,8.3148585659553e-7,49.99996742052678,2.2309321378262994e-6,0.02115404647219489,30.83290080283465,1.7116533255168718e-6,5.66885019721218,8.390072020565505,2.1964764447606633e-6,2.3224678171864974e-6,3.2683091380823045e-6,1.7054044902472527,1.5800947572045174e-6,2.7058688351309895e-7
3.846150907657078,8.302755510221432e-7,49.9999669715494,4.236950211292903e-6,0.021154052525919727,30.83290236626298,1.3696670634490236e-6,5.668851453193699,8.390071991034763,2.2372060771948107e-6,2.0174640800882514e-6,3.5832685918394894e-6,1.7054179634293791,4.5863659496778846e-6,1.5394490140850713e-7
3.846150412560139,8.272954095270141e-7,49.99996649921063,1.0380271100104549e-6,0.021154055301174916,30.83289867284877,1.173935617254623e-6,5.668858133797263,8.390061419610046,1.192799809495252e-5,7.841536856588615e-7,3.937227283008195e-6,1.7054053886947014,1.1505404933052979e-6,2.2675577039474535e-6
3.8461511307162217,8.388725305018111e-7,49.999967198275186,3.3639356045907827e-6,0.02115402891831208,30.832901733023203,1.0121673934989e-6,5.668850823514378,8.390071626499628,2.139044102020255e-6,1.1131327191585472e-6,4.0266644367821715e-6,1.7054088773033222,6.678647090361502e-6,3.175483679263122e-7
3.846149656012904,8.192424691762319e-7,49.999965744619445,2.225738142505268e-6,0.021154056000107897,30.832899112790056,4.420791260396307e-7,5.668843487202137,8.39007577299117,9.855282467640152e-6,8.612206555202993e-7,1.61406116924501e-5,1.705404336162956,3.501475331549513e-6,1.689281334370521e-7
3.8461492687863625,8.2032192931525e-7,49.999965361210876,2.4333415742636965e-6,0.021154055999666525,30.83289892966401,4.494218216514786e-7,5.668842320266993,8.390076766077183,1.0224912004451133e-5,8.201904459853808e-7,1.7544840108363013e-5,1.7054036964522097,4.260850102622308e-6,1.7412388171043014e-7
3.8461484848100467,7.987534789961081e-7,49.99996459938022,4.865470989982531e-6,0.02115410393726406,30.832900547031603,2.187078995336986e-6,5.668852133727403,8.390070313474054,1.7972373641076813e-6,8.030129425711669e-7,2.680382974709403e-6,1.7054198246564376,5.544441202462588e-6,1.5420407548623773e-7
3.846149617592283,8.248677811102669e-7,49.99996569130629,2.2400963125226567e-6,0.021154052724641503,30.83289908170721,4.597802972453316e-7,5.668841156583417,8.390078094119216,9.731936400316088e-6,8.362763603287784e-7,1.836417283370418e-5,1.705402557527039,3.951372485561961e-6,1.6391489830984428e-7
1.642702961398189e-6,5.32538708318123e-7,5.537715420119237e-6,19.167069505937107,1.5843406234292463e-6,19.167071074622125,22.548248615588633,0.10541773471893127,41.609896848297865,11.77632377324478,3.3862497159994978,49.99996681846915,13.365288243947928,13.365262915148161,49.999988061728
1.8290643042950824e-6,5.441376394136918e-7,5.712477831920585e-6,19.1670688532787,1.5791047503569506e-6,19.167070604248448,22.54825077527076,0.10541775608230823,41.60989851635895,11.77632788389022,3.386250775465845,49.99997153197465,13.365282383483649,13.365262045919458,49.99998775383972
1.4365615108491267e-6,5.47189743172615e-7,5.31692293471567e-6,19.16704003340878,1.5986712123465676e-6,19.16704135965307,22.54825069465529,0.10541753030582646,41.6098694236042,11.776302233587693,3.386245289930263,49.99992226514358,13.365304461465719,13.365248215097878,49.99997445061403
1.575163523985715e-6,5.415710531699265e-7,5.461143637854944e-6,19.16706960546576,1.5789970434715481e-6,19.167071104011658,22.548249187327933,0.10541772000673547,41.60989747100299,11.776323890685912,3.386250308288114,49.99996695412258,13.365290629567959,13.365262479302492,49.99999101891373
1.7804544390854486e-6,5.401881071591502e-7,5.667817498965501e-6,19.16706845347939,1.5846308638799504e-6,19.167070154069307,22.548209176733014,0.1054177513528003,41.60985648106984,11.77631733447037,3.386249793060586,49.99991992779378,13.365304548461376,13.365255401664866,49.99996499942937
2.109843380882453e-6,5.422574165114268e-7,5.9951371314101915e-6,19.167067984835498,1.5846922083722766e-6,19.16707001174896,22.548206998814837,0.10541780263274711,41.609854113884175,11.776321723346046,3.386249718737112,49.99992202700139,13.365301540179185,13.365255037771238,49.999964420515866
3.866846429155607e-6,5.326561100344658e-7,7.761741486160331e-6,19.167068979721908,1.597351661168902e-6,19.167072761308813,22.54825636290681,0.1054181065881456,41.60990591153153,11.776320687268344,3.386250796811881,49.99997170435131,13.365262603160655,13.365264555933939,49.99996564814299
1.8207202609230287e-6,5.396169383258998e-7,5.70865448963631e-6,19.16706846671323,1.584126529799237e-6,19.167070207856106,22.548207160611895,0.10541775812722864,41.60985449883461,11.776317733505152,3.386249730656262,49.999918409489084,13.365305351517726,13.365255113402633,49.99996456603862
5.662806574700888e-7,1.210903554150793e-7,4.6647660574267346e-7,1.4539463220120402e-6,1.3623102219568015e-7,4.4315477323469075e-7,13.606169614156533,2.3560615726141267e-7,13.606164415494352,11.61298597545415,0.0013603270895008927,25.217779268513375,24.92896217000195,0.1467471160923622,49.99998370977311
5.576977590080897e-7,1.2272440340368993e-7,4.56259659292093e-7,1.4543966113474077e-6,1.3573439097106038e-7,4.3388474734404406e-7,13.606168391629305,2.354732677025751e-7,13.606163203856637,11.613007451754502,0.0013603253134736638,25.217799486704624,24.92893704478275,0.14674713145436513,49.99997875467129
3.3840107128650067e-7,1.4276954205309756e-7,8.980795509271023e-7,1.05379031524083e-6,1.346346926440411e-7,4.761980411995339e-7,13.606162463529591,2.3216326247529217e-7,13.606157300536418,11.612942156693736,0.0013602720664328577,25.217728390895935,24.92806645822646,0.1467468428780606,49.999038718692745
5.624578779988927e-7,1.2248105141258564e-7,4.6126313027403434e-7,1.4180073426579694e-6,1.3594284352147602e-7,4.022904970861518e-7,13.606159663049516,2.3544742355516697e-7,13.606154421318424,11.612945034830531,0.0013603247458724977,25.21772835410354,10.09310716897059,0.14674700006007005,35.16407798785895
3.2873177129270354e-7,1.389208027095247e-7,8.922589902770071e-7,1.0801302748744105e-6,1.3535039875784723e-7,4.9600173406916e-7,13.606179720239489,2.3307341317898913e-7,13.606174573835588,11.613019930609035,0.0013602746396979841,25.21782341713895,24.928899168064742,0.14674696788258482,49.99996508905103
3.4172160526168015e-7,1.3739169110332066e-7,9.067779358520826e-7,1.138525496287562e-6,1.3565597700345772e-7,5.686103228118271e-7,13.606192878204824,2.3361999608648115e-7,13.606187793460663,11.613021648814717,0.0013602786206560655,25.217838372801115,24.928908412485605,0.14674712117784178,49.999989130936925
3.651972159531913e-7,1.3644146582224097e-7,9.31203771824623e-7,2.103954956223858e-6,1.3367295225387025e-7,1.5604486434701269e-6,31.418529379952684,2.3651896412474808e-7,31.418524590771025,11.614804321314383,0.0031415188506420965,43.03017653869542,7.307165356308752,0.3373394568865949,49.999992546191336
3.4137028515345947e-7,1.370014596819566e-7,9.068168471652375e-7,1.0739208899475587e-6,1.3610976741284158e-7,5.035908373753785e-7,13.606166810794516,2.3315381933757363e-7,13.606161676947258,11.613019566919577,0.0013602763794609773,25.217810149202712,10.093200851709085,0.1467468382946979,35.16425359264883
2.6318539869615143,0.00026239416091421944,49.99999881882647,13.15689436478614,9.90436836431488e-7,49.99998146383343,1.0980968293921884e-5,0.5537315649822752,36.393821165462896,3.589727617894174e-5,4.978194004597374e-7,24.782205682754203,3.8352506988406544e-7,17.81240910381094,7.766943132405498e-6
2.631853378451901,0.00026239562489132376,49.999998204427,13.156894772377848,9.88914283137089e-7,49.999981346888895,1.05261766888587e-5,0.5537298721619814,36.39382214665708,1.440088422133859e-5,4.825924798559982e-7,24.782185240461608,4.1861220438739075e-7,17.812383237383603,1.3225626913953905e-5
2.6318413180917655,0.00026240040259438815,49.999986124381635,13.156886966301705,9.81456093714611e-7,49.999961507239135,6.1418471798892376e-6,0.5537201155684339,36.39380770572949,8.019913249493989e-5,5.173725699938004e-7,24.782236512626014,5.850639863009562e-7,17.811493387954044,0.0009545132191677998
2.631853415689839,0.0002623387860426592,49.999998293916086,13.156894928396548,1.0487437250099216e-6,49.99998155432119,7.555707827106814e-6,0.5537181523822485,36.39383114152106,7.660427867005125e-5,4.975537638634446e-7,24.782256369956922,8.206815477319211e-7,2.976554485796481,14.835913494297806
2.631849202985836,0.0002624038864416821,49.99999401450439,13.156899606404487,9.800972214904773e-7,49.99998196633637,1.1533317986965054e-6,0.5537315717887658,36.393811785245816,3.416713253519626e-6,4.993955676892953e-7,24.782163821814848,1.8240334999734343e-6,17.812349073895067,2.7379830693311745e-5
2.631848789523188,0.00026240054710489663,49.9999936087753,13.156899878064323,9.822122385136832e-7,49.99998188507863,7.74141316544957e-7,0.5537443441813023,36.39379851374181,2.0164740105864344e-6,5.112883161253698e-7,24.782149121053592,1.9914533405651802e-6,17.812358500195554,3.416764413563623e-6
2.631849305972171,0.00026251848507646917,49.9999940117622,13.156898391785223,8.39669104216288e-7,49.99998089071498,1.9131800139215803e-6,18.366081871747582,18.581461141237046,5.79278947443534e-7,5.134827180833993e-7,6.969810339297774,5.6784510737856915e-6,2.6582870058308193e-5,2.4535596202604365e-7
2.631853223533731,0.0002623368133439795,49.99999807525033,13.156895538571398,1.0394217098538889e-6,49.99998195663074,1.2986765789941803e-6,0.5537186548517499,36.39382479555054,3.6399272994110584e-6,5.12601728604381e-7,24.782177048012894,1.0676160850096064e-6,2.976649829682142,14.835739106394506
0.00026783558927226614,3.239590862893135e-7,22.916977758969384,1.0998811161543736e-5,4.061635300103701e-6,12.586979178207132,1.0375773192957981e-6,6.500199057796068e-5,4.096421504711368,1.1896426688836459e-5,0.00013629089025044767,0.5761270111591063,1.4639095630432365e-6,5.783661284106928e-5,0.032069602657735556
0.0001016544010194387,2.94494508933734e-7,22.916811610107192,1.4089289922926168e-5,3.0083129451157393e-6,12.586814445774506,2.2787652981117023e-6,2.4932199006153002e-5,4.096298082695461,3.94785969392924e-6,5.0615029527847136e-5,0.5760813168688416,1.8635992724116036e-5,2.314174125432901e-5,0.03207577531633267
0.0003155548186248594,1.505850183844158e-6,22.917024299738074,4.419140351952185e-6,3.941509979383481e-6,12.587019256384233,1.0442311370356983e-6,7.459703384622564e-5,4.096451993964753,2.166702540898506e-6,0.00016016834207932795,0.5761238933911337,6.830034927647495e-6,6.455629164839647e-5,0.032065131331633794
0.0001415311015496902,2.46376719899936e-7,22.91685153376833,2.0132773359796354e-5,2.219477087799374e-6,12.586863927521879,1.0864400139290042e-6,3.3988766922784536e-5,4.096337315997544,1.4724103988142893e-5,7.486956735354798e-5,0.5761070714651267,1.5255437384148807e-5,3.587085754009457e-5,0.032085420242460104
0.0002338028436934755,1.360109751492352e-6,22.916942683664903,3.667125182581349e-6,3.2526166479618325e-6,12.586934862763268,2.700277020054079e-6,5.49193040250546e-5,4.096388933791402,1.0891962539346155e-5,0.00011742302217547533,0.5761123037438121,1.6143069634049191e-6,4.6075394218224364e-5,0.03206680685349761
0.00031904699087402527,1.958572965988926e-6,22.917027331264524,4.611518014517009e-6,3.96096595466047e-6,12.587019743736073,2.857842370940137e-6,7.598130100052704e-5,4.096452911065783,1.1108210106499623e-5,0.00016055032706009518,0.5761333699813714,1.6673028738411838e-6,6.453968901622362e-5,0.03206946179315922
0.000322747668837348,1.7767407195725111e-6,22.917031218060078,5.998259100595503e-6,5.876125155821859e-6,12.587023098069546,2.3826882185270014e-6,7.394609918059427e-5,4.0964578252178665,2.6148762838106522e-6,0.00016384522699937332,0.5761264958878736,1.979596330611586e-6,6.608237620195663e-5,0.032061357305429444
0.0002616818789100449,1.5763731710929943e-6,22.916970342144104,4.176956655927664e-6,3.4455996115127404e-6,12.586962842177845,2.6725429373121656e-6,6.171953220441983e-5,4.096410085417586,1.0819204037861533e-5,0.00013169053260522957,0.5761191151323287,1.595344132433146e-6,5.2171134558111905e-5,0.03206750353944009
2.082897599989882,4.778390460613132e-7,2.0829168758402385,10.352175340048497,0.02228757112884552,12.412802601354151,9.103254938359887,0.6127459327431174,20.90330138944599,7.1788721626233505,3.6585123678662055,24.423640748953268,8.554535401370499,8.010296448395431,24.96786063047973
2.083047831283286,5.09616629364797e-7,2.0830561767750497,10.35220328849148,0.022289190511299458,12.412968229104607,9.103237557623224,0.6127825043199059,20.903413061168695,7.178839619920313,3.658597032466696,24.42364611747239,8.554835556004742,8.010337208829633,24.968136291133
2.0827045451391064,4.802999930013883e-6,2.0827194958260815,10.352355514307439,0.022282471646948746,12.412790494866188,9.103187355058923,0.6127001379078165,20.903267494675422,7.178815243695351,3.65845611668184,24.423606186256077,8.554496861881956,8.010332197816078,24.967751775667693
2.083005899065538,4.4071938463548544e-7,2.08301431345303,10.352204908718898,0.022288811907423843,12.412928366756343,9.103230819849191,0.612772513165113,20.903376456496556,7.178883123618404,3.658574610588092,24.423675432845084,8.554781003478269,8.010328703880518,24.96811955809189
2.082783398385459,5.11609028405952e-6,2.0827980359837714,10.35236272879121,0.022282972224898542,12.412875749057497,9.1031835273047,0.6127192555719506,20.903329804971168,7.17881114513787,3.658499401954711,24.4236211086919,8.55461601298504,8.010352677508665,24.96786537252479
2.082702064663313,4.765994118233209e-6,2.082717052353599,10.352354686670141,0.02228245802242248,12.412787237424451,9.103188247646326,0.6126996136152708,20.903265654265006,7.1788109293179785,3.658457322259054,24.423598826410753,8.554606713332529,8.01033156515509,24.967854897264452
2.0827037096362244,2.0166329573524423e-6,2.0827214466813606,10.352343809435926,0.02228441271924668,12.412778800180293,9.103193924062285,0.6127005563667799,20.90326195014157,7.178812903582607,3.6584532104296876,24.42360120952093,8.554602278617267,8.010327139157972,24.967868174820694
2.0827569770596286,4.9935163502495824e-6,2.082771737221609,10.352362931249491,0.02228282833062729,12.412849796416447,9.103181919565369,0.6127128992395091,20.90330860255482,7.178811200069917,3.65848601467502,24.423613349467054,8.554617216454815,8.010346759774674,24.967864734341283
0.06664801471559477,6.728487214574909e-8,0.06665007606109233,0.33303080916621763,9.393269217637666e-5,0.3995856753600398,0.32020413681921456,0.005530833608554057,0.7142536995654395,0.26052958015389593,0.05170409924010463,0.9230744123390799,0.2483099681437923,0.1811076422021079,0.9902719701585793
0.06665678858612159,1.243349719008951e-7,0.06665743055825392,0.3330214881705131,9.38561257162012e-5,0.39958378542856177,0.32022742608346216,0.00553153213910686,0.7142744003196457,0.260526979783814,0.05170686366555423,0.923089748392576,0.24827682857342256,0.18110931117642715,0.9902524976079181
0.06664666078316844,8.262790421840844e-8,0.06664870678553247,0.33301183864030376,9.397571631231869e-5,0.39956529253186973,0.32022323871363784,0.005530640712498136,0.7142553361763976,0.26052497834634536,0.05170206046642318,0.9230734858774159,0.24828875771829123,0.18110125016860254,0.9902562254259476
0.06664819325927068,1.0315774689635601e-7,0.06664885640836288,0.3330312626916652,9.398361515653507e-5,0.3995848583094702,0.32022713748082143,0.005530765823818455,0.7142759509795604,0.26050273156520565,0.05170458975408755,0.9230693246543256,0.2483057377796568,0.1811092579535014,0.9902610363274152
0.06664754861966622,9.199424545542508e-8,0.06664958525581612,0.33301265957294834,9.393234186889395e-5,0.3995670353071171,0.32022179998804556,0.005530746824688085,0.7142528094866767,0.26052811832926626,0.051702465603233036,0.9230736940571522,0.24831322247127097,0.1811018470547469,0.9902803013494932
0.06664755991442649,8.957655494951376e-8,0.06664959896817597,0.33301259285759804,9.392959505505616e-5,0.39956698505466864,0.3202217629800767,0.005530752590491164,0.714252716442517,0.26052807643356163,0.05170246440666447,0.9230735603513813,0.24830496874874114,0.18110182098265193,0.9902719399664875
0.06664763268257107,9.666329831225182e-8,0.06664966464957318,0.33301208511843694,9.393950890800403e-5,0.39956653308080375,0.3202226842975192,0.005530739557860183,0.7142531988025071,0.26052743087419983,0.05170244621265007,0.9230720530197596,0.24841338760411316,0.18110173542688088,0.9903802993922226
0.06664702205384146,9.056919738720274e-8,0.06664906011532264,0.333012983472501,9.392953985110996e-5,0.3995668368677874,0.32022174512305307,0.005530710967249518,0.7142525920104559,0.2605276560271299,0.05170228462282117,0.9230731952753147,0.24830752445426055,0.1811017523771114,0.9902741992353067
1.6667895384119814e-6,3.5225249611223484e-8,0.9333354944658782,8.327958762013746e-7,4.959995662606652e-7,0.6004015418204424,6.117939772956912e-8,3.4398796439851256e-7,0.2857114112364399,2.7724526857726016e-7,9.696971984946922e-7,0.07689400940048995,1.0707936563455562e-6,1.6190603572339467e-5,0.009723134301355636
1.1536513904997216e-6,6.596406499447595e-8,0.9333349505778902,1.239714667796014e-6,1.9688670962738368e-7,0.6004017039730706,4.1345861242464747e-7,1.3730345599528455e-7,0.28571213234661136,1.2787004161778906e-6,1.987841581171572e-7,0.07689650288717402,2.5423846223413004e-6,1.7746873568564884e-6,0.009741515295134508
4.136227201562504e-6,5.301500883990006e-8,0.9333379461400262,6.438908239576984e-7,2.9057633594093046e-7,0.6004040099836494,2.537209546224873e-7,2.718167772624688e-7,0.28571414411729645,2.6391565506612327e-7,7.707940206004461e-7,0.07689692785299931,7.087714637312447e-7,1.3456206059967764e-5,0.00972842512906826
1.0094756169344341e-6,5.610113802356277e-8,0.9333348163056311,2.407063918814365e-7,1.90958154946039e-7,0.6004005765794267,3.0283854759647815e-8,1.3249105466366967e-7,0.28571062660510366,1.4775086726241038e-6,1.9786098823642313e-7,0.07689519686366149,6.011867615970761e-7,7.0363322686912175e-6,0.009733006428865891
2.1635235537814073e-6,4.2876598735438446e-8,0.9333359835440088,1.0832262941491428e-6,3.6767881979988913e-7,0.6004024096548337,6.937609678205306e-8,2.975826081722473e-7,0.285712333678157,4.149801388768698e-7,1.137386358875775e-6,0.07689490188213208,8.08970502925712e-7,3.374994506427516e-5,0.00970620561830832
2.1667584161607606e-6,4.2590102661518517e-8,0.9333359870889267,1.1803475832059727e-6,3.7568520969391875e-7,0.6004025022891508,7.744856155178694e-8,2.957771940033723e-7,0.28571243618353953,3.78473283275647e-7,1.0798488566111637e-6,0.07689502542690445,1.0232212380366015e-6,2.693508881974115e-5,0.009713358270070988
2.1876096326423193e-6,5.089684519561055e-8,0.9333359996498507,7.48319113388582e-7,4.011971252016404e-7,0.6004020572919572,6.30586836849709e-8,3.189238783481606e-7,0.2857119536554426,1.1388346481872761e-7,1.2736911180018295e-6,0.07689408446225002,5.650407001993231e-7,0.00013472784769946486,0.009604166366094916
2.7243913790768368e-6,4.527595116004355e-8,0.9333365420322921,7.678122483924827e-7,3.7318729417457635e-7,0.6004026471996239,5.586975071087596e-8,2.937535546863077e-7,0.28571256153848945,4.6088091242012464e-7,1.022723152923662e-6,0.0768952903147711,3.2748325611181557e-7,2.963674448135354e-5,0.009710225764284005
0.090907830000036,4.5054785866141114e-8,1.9999956538126513,1.5962522274928054e-6,5.7917298786640376e-8,1.545443348173389,2.0969001535752597e-6,1.0655603736868595,0.02602112084277095,0.4380384635290293,9.634592932902995e-8,0.02693222364629685,0.31536923161986785,1.54534678977951e-7,1.3197047829769225e-6
0.09090775998867351,4.3445837572429903e-8,1.9999955853746227,1.3976649246374423e-6,5.7863568393580115e-8,1.5454430811701239,2.390094011190981e-6,1.040048824278272,0.051532696493609816,0.4380377083586444,9.639096992270557e-8,0.05244304409779148,0.28985779142733625,1.5427464799698715e-7,7.002290505216359e-7
0.09090340444796734,4.322928815959959e-8,1.999991230062939,1.8488041787949615e-6,5.80800722092194e-8,1.5454391767800806,2.8361581717005234e-6,1.013913615173543,0.07766444727096729,0.43803680861238764,9.640779047720389e-8,0.07857389509326558,0.2637278451671442,1.5109503917404116e-7,1.6081580566294884e-6
0.09090782510745386,4.598925569424e-8,1.9999956478792646,1.921552207724156e-6,5.8099898543306174e-8,1.5454436675949392,2.3121991269793557e-6,0.7501936478841132,0.341388381231283,0.4380004522055287,9.647436102296725e-8,0.34226147259012174,4.0328055538962675e-5,1.5672150284489658e-7,1.662907127129339e-6
0.09090782512301135,4.31987113177769e-8,1.9999956508105954,1.303351241401999e-6,5.783961492659281e-8,1.5454430522713734,1.8024266151403747e-6,1.0658768941259613,0.025704010078260345,0.4380382413172193,9.648736043796026e-8,0.0266148905180235,0.31568534122921527,1.5460548063582784e-7,9.612541181596413e-8
0.09090778159147408,4.409525525385559e-8,1.9999956063358402,1.2185886718950925e-6,5.788558093193491e-8,1.545442922797669,1.8681515851334606e-6,1.0621363444475216,0.029444496246030828,0.43803762288727166,9.656542253450073e-8,0.03035475821160727,0.3119454749502993,1.5404859903025425e-7,9.809484249213431e-8
0.09090777247612869,4.4759798224050366e-8,1.9999955965080851,1.0246096866791784e-6,5.9094754298230773e-8,1.5454427179466597,1.727511144864892e-6,1.0915721270602574,8.36802967076782e-6,0.43712057545229127,9.653894582595252e-8,1.5825732553826986e-6,0.34229858990889317,1.5408349743663034e-7,3.738736996427111e-8
0.09090779908813329,4.390177968461828e-8,1.9999956240664212,1.4872862111997687e-6,5.784115645600846e-8,1.5454432094486985,1.809298890505759e-6,0.7502174691168487,0.3413635991659066,0.43803577076031636,9.656196868274641e-8,0.3422720089946523,2.8236200557937894e-5,1.5545667246850177e-7,1.0871744036239667e-7
2.339368244852149e-6,3.3710988790205275e-8,9.188167254238254e-8,0.45455312424012057,6.625249253253847e-8,0.4545478708594088,1.5194284506833156,2.4962896680460634e-7,1.9739707929852945,3.2612026540293805e-6,0.0009090574454881401,1.9730598881259211,0.05270506045708834,0.02576608272823485,1.9999940973545103
2.5076261455744436e-6,3.3685276861650376e-8,8.987485569181242e-8,0.4545531362044315,6.627220123509123e-8,0.4545478808639201,1.4939164601271997,2.4982455528004995e-7,1.9484588129828755,3.739741177242473e-6,0.0009090661606976705,1.9475483771614392,0.07816598543738067,0.02571510138600753,1.9999944931523892
2.001345786541544e-6,3.378400634103949e-8,9.436705568387713e-8,0.4545575353157318,6.616635795917862e-8,0.454552284528761,1.4677808365508414,2.488102296997598e-7,1.9223275932536215,4.578520495379017e-6,0.0009090499158257792,1.921418013227207,0.1042438900369729,0.02566292613204546,1.9999942088919633
2.3371644093844617e-6,3.372071292040268e-8,8.966811294440292e-8,0.4545527656571988,6.626138513096857e-8,0.454547510076577,1.2040612969422597,2.499976449893718e-7,1.658603278127473,4.22010284444699e-5,0.0009090555894391673,1.6577313147423196,0.36740252204449597,0.025135331788873026,1.9999937365874507
2.3391392514340357e-6,3.3714797839755286e-8,9.164887007480694e-8,0.4545537990234055,6.627716637684559e-8,0.4545485454099878,1.519745284843487,2.4980494267229493e-7,1.9742883014585715,2.6201453947329984e-6,0.0009090585632954331,1.9733767544406657,0.05239041466365879,0.025766747470544006,1.9999956539703825
2.3425730255938443e-6,3.3712879409140204e-8,9.508456266513682e-8,0.45455392585743304,6.627687439118485e-8,0.4545486756665763,1.5160045289384239,2.4979382890787784e-7,1.9705476754921605,3.4996086310793666e-6,0.0009090591299609213,1.96963700761092,0.05612275717390231,0.02575927260873151,1.9999957241243973
2.3497853515248032e-6,3.388687881018276e-8,1.021228891950799e-7,0.4545542524367204,6.709612857067068e-8,0.45454900846013624,1.5454404989650865,2.6272323700395935e-7,1.9999839657939031,0.0009204914689285215,0.0009090342265537502,1.9999903143472226,0.02582853971424853,0.025818173818207717,1.9999959128394866
2.3420601779432595e-6,3.3724867236076486e-8,9.455972718757781e-8,0.45455364940708315,6.632583737454022e-8,0.45454839861760016,1.2040857787403347,2.5062865518149423e-7,1.6586286477538115,5.143556202022202e-6,0.000909056665801009,1.6577196258510387,0.3674162453638206,0.025135422697429067,1.9999956817349995
0.13329418510069962,9.423435229442123e-7,1.9999608834550107,0.6660472553553866,0.0002048105934645328,1.9999312583320257,0.6404111329411696,0.011044177113942144,1.9999237976093631,0.52105004744249,0.10340652720499892,1.999938667205723,8.528062771342715e-6,0.36221270571378683,1.5034216166468066
0.13329728447764153,1.4603426078748014e-7,1.9999647792335977,0.6660376428881504,0.00019876416667977454,1.9999370373076057,0.6404206301385188,0.011050879585947337,1.9999269220735088,0.5210432266803342,0.10340730127096795,1.999928747501493,1.6548918789759675e-5,0.36220861065611515,1.5034238128397817
0.1332932293267611,8.403230683771129e-7,1.9999600295847668,0.6660489513579261,0.00020376008597059998,1.9999331510603504,0.6404114037965154,0.011045282835012745,1.9999248554341322,0.521049131248013,0.10340623533106594,1.9999391008048726,5.687822619945227e-6,0.36221266544301844,1.5034192502576595
0.1332957932864342,1.6044119393082144e-6,1.9999618295909123,0.6660604705779206,0.00022387199315113682,1.999926358294763,0.6403996101758598,0.011026153131468716,1.9999253988668262,0.5210433823261008,0.10340788179017517,1.9999322486810345,1.074886230712901e-5,0.3622174108627716,1.5034127137784588
0.1332981914329311,9.382923372522773e-8,1.9999657383218463,0.666031397755872,0.00019901923743679816,1.9999314962498962,0.6404291542926452,0.011050762106609846,1.999930022781564,0.521049988716966,0.10340719737524051,1.9999387140101395,5.771246330627821e-7,0.3622064181784824,1.5034200000657736
0.13329805274536263,9.310935626732113e-8,1.9999656003532449,0.6660325379026338,0.00019901437394634477,1.9999325032513167,0.6404281230114907,0.011050760205509484,1.999930000325517,0.5210499939293455,0.10340722696713983,1.9999386672781962,5.504628195514643e-7,0.36220672589674685,1.5034196189208349
0.1332984189145416,1.8472374256060126e-7,1.9999658748405011,0.677096414915797,0.011259905851046121,1.999935763348729,0.6293792874250469,5.300387035300745e-6,1.9999298845913418,0.5218695100848351,0.10423277333952315,1.9999325213641914,4.0722956050230866e-7,0.3656755633989314,1.4999444923268872
0.13329850760794598,8.657746614049049e-8,1.9999660617118007,0.6660264355873078,0.0001938075326946887,1.9999320691971678,0.6404337970234147,0.01105599392403921,1.999930006374785,0.5210499055829626,0.10340695678608455,1.9999388553380948,5.464685974678325e-7,0.3622049701713762,1.5034215586778665
2.340590283587682e-7,2.558129946066659e-8,5.061754969691038e-6,1.7564071116304876e-6,3.6140433453448e-8,5.504843426606786e-6,2.950157345523085e-7,2.3500392419495937e-8,4.973554541928978e-7,5.7056170236119395e-6,2.8855482596973347e-8,1.4059849691655462e-6,0.49657916841626537,4.942084148677292e-8,0.4965757568631129
1.3649965400815727e-7,4.034350485468079e-8,2.224786517922255e-6,2.4428255888909154e-6,3.607297936443264e-8,3.3543609061873314e-6,2.069751025486224e-6,2.4892370736263296e-8,1.2021624638999945e-7,4.851063645250208e-6,3.754059527348156e-8,1.6560727032516749e-7,0.4965909192109238,8.257008997544475e-8,0.4965862341352638
2.6998708804148214e-7,2.6213678901810296e-8,5.097050649932448e-6,1.7669818930807428e-6,3.580458298361874e-8,5.551049738768449e-6,3.2596279485226625e-7,2.3506225037092318e-8,5.74502994036923e-7,5.288504152635202e-6,2.8979277615636245e-8,1.0658958430147368e-6,0.4965571831408257,4.9775286299430864e-8,0.4965534311196592
1.0273552429746241e-7,3.722011454838416e-8,2.1941457785179167e-6,2.4742023235010505e-6,3.637789308412663e-8,3.3547919876735075e-6,2.1872974434336245e-6,2.439016823547401e-8,2.386959483249574e-7,4.756664419331105e-6,3.594348569376701e-8,1.9128485592020803e-7,0.4966012781548105,7.58510995012867e-8,0.4965966254725047
6.219951398183924e-7,2.8107288257898322e-8,5.447165092353299e-6,1.2466823209590728e-6,3.826202899972795e-8,5.3784071630514436e-6,2.909427654432417e-7,2.4304056190814416e-8,3.66042557757184e-7,5.372470612704239e-6,2.9350554703272387e-8,9.41030589716127e-7,0.4965504725954649,5.03028654462006e-8,0.4965465951977411
6.308349474590828e-7,2.7627561951235017e-8,5.456484626300786e-6,1.2300120289012038e-6,3.850351777401962e-8,5.370814916166667e-6,2.915678781789877e-7,2.436158930587747e-8,3.5901789049289516e-7,5.2182245484809995e-6,2.9409140948233318e-8,7.797012719837412e-7,0.49655140243078905,5.030189654040771e-8,0.4965473637197551
2.6400640310532904e-7,2.8611880064254258e-8,5.088671763834037e-6,1.5696396425469169e-6,3.554308916047436e-8,5.345590095959165e-6,2.903569752008491e-7,2.2984881792213003e-8,3.3395887482110024e-7,7.449300559537954e-6,2.8562846195080062e-8,2.6191769009748067e-7,0.5000240145463036,4.898959406845403e-8,0.5000221839565164
5.822537227791578e-7,2.8032991188648208e-8,5.407497972383577e-6,1.2894221550852372e-6,3.793401486505758e-8,5.3818078913423375e-6,2.855889671816655e-7,2.4208418748840866e-8,3.641851252283923e-7,5.21968152177431e-6,2.9304016378852295e-8,7.864306045818688e-7,0.49654887412001547,5.008927805629069e-8,0.4965448423496561
