0.367879441,0.183939721,0.06131324,0.01532831,0.003065662,0.000510944,7.30E-05,9.12E-06,1.01E-06,1.01E-07,9.22E-09,7.68E-10,5.91E-11,4.22E-12,2.81E-13,1.76E-14,1.03E-15,5.75E-17,3.02E-18,1.51E-19,7.20E-21,3.27E-22,1.42E-23,5.93E-25,2.37E-26,9.12E-28,3.38E-29,1.21E-30,4.16E-32,1.39E-33,4.47E-35,1.40E-36,4.24E-38,1.25E-39,3.56E-41,9.89E-43,2.67E-44,7.03E-46,1.80E-47,4.51E-49,1.10E-50,2.62E-52,6.09E-54,1.38E-55,3.08E-57,6.69E-59,1.42E-60,2.96E-62,6.05E-64,1.21E-65,2.37E-67,4.56E-69,8.61E-71,1.59E-72,2.90E-74,5.17E-76,9.08E-78,1.57E-79,2.65E-81,4.42E-83,7.25E-85,1.17E-86,1.86E-88,2.90E-90,4.46E-92,6.76E-94,1.01E-95,1.48E-97,2.15E-99,3.07E-101,4.33E-103,6.01E-105,8.23E-107,1.11E-108,1.48E-110
0.270670566,0.270670566,0.180447044,0.090223522,0.036089409,0.012029803,0.003437087,0.000859272,0.000190949,3.82E-05,6.94E-06,1.16E-06,1.78E-07,2.54E-08,3.39E-09,4.24E-10,4.99E-11,5.54E-12,5.83E-13,5.83E-14,5.56E-15,5.05E-16,4.39E-17,3.66E-18,2.93E-19,2.25E-20,1.67E-21,1.19E-22,8.22E-24,5.48E-25,3.53E-26,2.21E-27,1.34E-28,7.88E-30,4.50E-31,2.50E-32,1.35E-33,7.11E-35,3.65E-36,1.82E-37,8.90E-39,4.24E-40,1.97E-41,8.96E-43,3.98E-44,1.73E-45,7.36E-47,3.07E-48,1.25E-49,5.01E-51,1.96E-52,7.56E-54,2.85E-55,1.06E-56,3.84E-58,1.37E-59,4.81E-61,1.66E-62,5.63E-64,1.88E-65,6.15E-67,1.98E-68,6.30E-70,1.97E-71,6.05E-73,1.83E-74,5.48E-76,1.61E-77,4.67E-79,1.33E-80,3.76E-82,1.04E-83,2.86E-85,7.73E-87,2.06E-88
0.149361205,0.224041808,0.224041808,0.168031356,0.100818813,0.050409407,0.021604031,0.008101512,0.002700504,0.000810151,0.00022095,5.52E-05,1.27E-05,2.73E-06,5.46E-07,1.02E-07,1.81E-08,3.01E-09,4.76E-10,7.14E-11,1.02E-11,1.39E-12,1.81E-13,2.27E-14,2.72E-15,3.14E-16,3.49E-17,3.74E-18,3.86E-19,3.86E-20,3.74E-21,3.51E-22,3.19E-23,2.81E-24,2.41E-25,2.01E-26,1.63E-27,1.29E-28,9.89E-30,7.42E-31,5.43E-32,3.88E-33,2.71E-34,1.84E-35,1.23E-36,8.02E-38,5.12E-39,3.20E-40,1.96E-41,1.18E-42,6.91E-44,3.99E-45,2.26E-46,1.25E-47,6.84E-49,3.66E-50,1.93E-51,9.98E-53,5.07E-54,2.54E-55,1.25E-56,6.04E-58,2.87E-59,1.35E-60,6.22E-62,2.83E-63,1.27E-64,5.58E-66,2.43E-67,1.04E-68,4.40E-70,1.83E-71,7.53E-73,3.05E-74,1.22E-75
0.073262556,0.146525111,0.195366815,0.195366815,0.156293452,0.104195635,0.059540363,0.029770181,0.013231192,0.005292477,0.001924537,0.000641512,0.000197388,5.64E-05,1.50E-05,3.76E-06,8.85E-07,1.97E-07,4.14E-08,8.28E-09,1.58E-09,2.87E-10,4.99E-11,8.31E-12,1.33E-12,2.05E-13,3.03E-14,4.33E-15,5.97E-16,7.96E-17,1.03E-17,1.28E-18,1.56E-19,1.83E-20,2.09E-21,2.33E-22,2.51E-23,2.65E-24,2.71E-25,2.71E-26,2.65E-27,2.52E-28,2.35E-29,2.13E-30,1.90E-31,1.65E-32,1.40E-33,1.17E-34,9.54E-36,7.63E-37,5.99E-38,4.61E-39,3.48E-40,2.57E-41,1.87E-42,1.34E-43,9.39E-45,6.47E-46,4.39E-47,2.93E-48,1.92E-49,1.24E-50,7.86E-52,4.91E-53,3.02E-54,1.83E-55,1.09E-56,6.43E-58,3.73E-59,2.13E-60,1.20E-61,6.67E-63,3.65E-64,1.98E-65,1.05E-66
0.033689735,0.084224337,0.140373896,0.17546737,0.17546737,0.146222808,0.104444863,0.065278039,0.036265577,0.018132789,0.008242177,0.00343424,0.001320862,0.000471736,0.000157245,4.91E-05,1.45E-05,4.01E-06,1.06E-06,2.64E-07,6.29E-08,1.43E-08,3.11E-09,6.47E-10,1.29E-10,2.49E-11,4.61E-12,8.23E-13,1.42E-13,2.37E-14,3.82E-15,5.96E-16,9.03E-17,1.33E-17,1.90E-18,2.64E-19,3.56E-20,4.69E-21,6.01E-22,7.51E-23,9.16E-24,1.09E-24,1.27E-25,1.44E-26,1.60E-27,1.74E-28,1.85E-29,1.93E-30,1.97E-31,1.97E-32,1.93E-33,1.85E-34,1.75E-35,1.62E-36,1.47E-37,1.32E-38,1.15E-39,9.95E-41,8.43E-42,7.02E-43,5.76E-44,4.64E-45,3.68E-46,2.88E-47,2.21E-48,1.68E-49,1.25E-50,9.21E-52,6.67E-53,4.76E-54,3.36E-55,2.33E-56,1.60E-57,1.08E-58,7.19E-60
0.014872513,0.044617539,0.089235078,0.133852618,0.160623141,0.160623141,0.137676978,0.103257734,0.068838489,0.041303093,0.02252896,0.01126448,0.005198991,0.002228139,0.000891256,0.000334221,0.00011796,3.93E-05,1.24E-05,3.73E-06,1.06E-06,2.90E-07,7.57E-08,1.89E-08,4.54E-09,1.05E-09,2.33E-10,4.99E-11,1.03E-11,2.07E-12,4.00E-13,7.50E-14,1.36E-14,2.41E-15,4.12E-16,6.87E-17,1.11E-17,1.76E-18,2.71E-19,4.06E-20,5.94E-21,8.49E-22,1.18E-22,1.62E-23,2.15E-24,2.81E-25,3.59E-26,4.48E-27,5.49E-28,6.59E-29,7.75E-30,8.94E-31,1.01E-31,1.12E-32,1.23E-33,1.31E-34,1.38E-35,1.43E-36,1.46E-37,1.46E-38,1.43E-39,1.39E-40,1.32E-41,1.24E-42,1.14E-43,1.04E-44,9.30E-46,8.20E-47,7.13E-48,6.12E-49,5.17E-50,4.31E-51,3.54E-52,2.87E-53,2.30E-54
0.006383174,0.022341108,0.052129252,0.091226192,0.127716668,0.14900278,0.14900278,0.130377432,0.10140467,0.070983269,0.045171171,0.02634985,0.014188381,0.00709419,0.003310622,0.001448397,0.000596399,0.000231933,8.54E-05,2.99E-05,9.97E-06,3.17E-06,9.65E-07,2.82E-07,7.88E-08,2.12E-08,5.50E-09,1.38E-09,3.32E-10,7.75E-11,1.75E-11,3.83E-12,8.12E-13,1.67E-13,3.34E-14,6.50E-15,1.23E-15,2.27E-16,4.07E-17,7.12E-18,1.21E-18,2.02E-19,3.30E-20,5.24E-21,8.16E-22,1.24E-22,1.85E-23,2.70E-24,3.85E-25,5.39E-26,7.40E-27,9.96E-28,1.32E-28,1.71E-29,2.17E-30,2.71E-31,3.33E-32,4.02E-33,4.77E-34,5.57E-35,6.39E-36,7.21E-37,8.01E-38,8.77E-39,9.44E-40,1.00E-40,1.05E-41,1.08E-42,1.09E-43,1.09E-44,1.08E-45,1.05E-46,1.00E-47,9.50E-49,8.87E-50
0.002683701,0.010734804,0.028626144,0.057252288,0.091603662,0.122138215,0.139586532,0.139586532,0.124076917,0.099261534,0.072190206,0.048126804,0.029616495,0.016923711,0.009025979,0.00451299,0.00212376,0.000943893,0.000397429,0.000158971,6.06E-05,2.20E-05,7.66E-06,2.55E-06,8.17E-07,2.51E-07,7.45E-08,2.13E-08,5.87E-09,1.57E-09,4.04E-10,1.01E-10,2.45E-11,5.76E-12,1.32E-12,2.93E-13,6.33E-14,1.33E-14,2.73E-15,5.47E-16,1.07E-16,2.03E-17,3.78E-18,6.87E-19,1.22E-19,2.12E-20,3.62E-21,6.03E-22,9.84E-23,1.57E-23,2.47E-24,3.80E-25,5.73E-26,8.50E-27,1.24E-27,1.77E-28,2.48E-29,3.42E-30,4.63E-31,6.18E-32,8.10E-33,1.05E-33,1.33E-34,1.66E-35,2.04E-36,2.48E-37,2.96E-38,3.48E-39,4.03E-40,4.61E-41,5.19E-42,5.77E-43,6.32E-44,6.84E-45,7.29E-46
0.001110688,0.004998097,0.014994291,0.033737155,0.060726879,0.091090319,0.117116124,0.13175564,0.13175564,0.118580076,0.097020062,0.072765047,0.050375802,0.032384444,0.019430666,0.01092975,0.005786338,0.002893169,0.001370449,0.000616702,0.000264301,0.000108123,4.23E-05,1.59E-05,5.71E-06,1.98E-06,6.59E-07,2.12E-07,6.57E-08,1.97E-08,5.73E-09,1.61E-09,4.39E-10,1.16E-10,2.99E-11,7.47E-12,1.82E-12,4.31E-13,9.94E-14,2.24E-14,4.91E-15,1.05E-15,2.20E-16,4.50E-17,9.00E-18,1.76E-18,3.37E-19,6.33E-20,1.16E-20,2.09E-21,3.69E-22,6.39E-23,1.08E-23,1.81E-24,2.96E-25,4.75E-26,7.51E-27,1.16E-27,1.78E-28,2.67E-29,3.93E-30,5.71E-31,8.15E-32,1.15E-32,1.59E-33,2.17E-34,2.91E-35,3.85E-36,5.02E-37,6.46E-38,8.18E-39,1.02E-39,1.26E-40,1.53E-41,1.84E-42
0.000453999,0.002269996,0.007566655,0.018916637,0.037833275,0.063055458,0.090079226,0.112599032,0.125110036,0.125110036,0.113736396,0.09478033,0.072907946,0.052077104,0.03471807,0.021698794,0.012763996,0.007091109,0.003732163,0.001866081,0.00088861,0.000403914,0.000175615,7.32E-05,2.93E-05,1.13E-05,4.17E-06,1.49E-06,5.13E-07,1.71E-07,5.52E-08,1.73E-08,5.23E-09,1.54E-09,4.39E-10,1.22E-10,3.30E-11,8.68E-12,2.23E-12,5.56E-13,1.36E-13,3.23E-14,7.51E-15,1.71E-15,3.80E-16,8.25E-17,1.76E-17,3.66E-18,7.46E-19,1.49E-19,2.93E-20,5.63E-21,1.06E-21,1.97E-22,3.58E-23,6.39E-24,1.12E-24,1.93E-25,3.27E-26,5.46E-27,8.94E-28,1.44E-28,2.29E-29,3.58E-30,5.50E-31,8.34E-32,1.24E-32,1.83E-33,2.65E-34,3.79E-35,5.34E-36,7.41E-37,1.02E-37,1.37E-38,1.83E-39
0.000183719,0.001010453,0.003704994,0.010188733,0.022415213,0.041094558,0.064577163,0.088793599,0.108525509,0.11937806,0.11937806,0.109429889,0.092594521,0.072752838,0.053352081,0.036679556,0.02373383,0.014504007,0.008397057,0.004618381,0.002419152,0.001209576,0.000578493,0.000265143,0.000116663,4.94E-05,2.01E-05,7.90E-06,3.00E-06,1.10E-06,3.90E-07,1.34E-07,4.47E-08,1.45E-08,4.54E-09,1.39E-09,4.13E-10,1.19E-10,3.37E-11,9.26E-12,2.49E-12,6.51E-13,1.67E-13,4.16E-14,1.02E-14,2.43E-15,5.70E-16,1.31E-16,2.93E-17,6.45E-18,1.39E-18,2.94E-19,6.10E-20,1.24E-20,2.49E-21,4.89E-22,9.43E-23,1.79E-23,3.33E-24,6.11E-25,1.10E-25,1.96E-26,3.41E-27,5.87E-28,9.93E-29,1.66E-29,2.72E-30,4.40E-31,7.01E-32,1.10E-32,1.71E-33,2.61E-34,3.93E-35,5.84E-36,8.56E-37
7.37E-05,0.000442383,0.001769533,0.005308599,0.012740639,0.025481277,0.04368219,0.065523285,0.08736438,0.104837256,0.114367916,0.114367916,0.105570384,0.0904889,0.07239112,0.05429334,0.038324711,0.025549807,0.01613672,0.009682032,0.00553259,0.003017776,0.001574492,0.000787246,0.000377878,0.000174405,7.75E-05,3.32E-05,1.37E-05,5.50E-06,2.13E-06,7.98E-07,2.90E-07,1.02E-07,3.51E-08,1.17E-08,3.80E-09,1.20E-09,3.69E-10,1.11E-10,3.24E-11,9.26E-12,2.58E-12,7.04E-13,1.88E-13,4.90E-14,1.25E-14,3.13E-15,7.66E-16,1.84E-16,4.33E-17,9.98E-18,2.26E-18,5.02E-19,1.10E-19,2.35E-20,4.94E-21,1.02E-21,2.08E-22,4.16E-23,8.18E-24,1.58E-24,3.02E-25,5.66E-26,1.04E-26,1.90E-27,3.40E-28,6.00E-29,1.04E-29,1.79E-30,3.02E-31,5.04E-32,8.29E-33,1.34E-33,2.15E-34
2.94E-05,0.000190998,0.000827657,0.002689886,0.006993704,0.015153025,0.028141333,0.045729666,0.066053962,0.085870151,0.101482905,0.109939814,0.109939814,0.10208697,0.088475374,0.071886242,0.054971832,0.039701879,0.027164443,0.017656888,0.010930455,0.006458905,0.003650685,0.001977455,0.001028276,0.000514138,0.000247548,0.000114933,5.15E-05,2.23E-05,9.36E-06,3.80E-06,1.50E-06,5.73E-07,2.13E-07,7.68E-08,2.70E-08,9.24E-09,3.08E-09,1.00E-09,3.17E-10,9.82E-11,2.97E-11,8.77E-12,2.53E-12,7.16E-13,1.98E-13,5.36E-14,1.42E-14,3.70E-15,9.43E-16,2.36E-16,5.78E-17,1.39E-17,3.29E-18,7.64E-19,1.74E-19,3.91E-20,8.61E-21,1.86E-21,3.97E-22,8.33E-23,1.72E-23,3.49E-24,6.98E-25,1.38E-25,2.67E-26,5.10E-27,9.62E-28,1.79E-28,3.27E-29,5.90E-30,1.05E-30,1.85E-31,3.20E-32
1.16E-05,8.15E-05,0.000380286,0.001331,0.003726801,0.008695869,0.017391737,0.03043554,0.047344174,0.066281843,0.08435871,0.098418495,0.105989148,0.105989148,0.098923205,0.086557804,0.071282898,0.055442254,0.040852187,0.028596531,0.019064354,0.012131862,0.007384611,0.00430769,0.002412306,0.001298934,0.000673521,0.000336761,0.000162574,7.59E-05,3.43E-05,1.50E-05,6.36E-06,2.62E-06,1.05E-06,4.07E-07,1.54E-07,5.68E-08,2.04E-08,7.13E-09,2.44E-09,8.12E-10,2.64E-10,8.41E-11,2.62E-11,7.97E-12,2.37E-12,6.92E-13,1.98E-13,5.54E-14,1.52E-14,4.09E-15,1.08E-15,2.80E-16,7.13E-17,1.78E-17,4.38E-18,1.06E-18,2.51E-19,5.85E-20,1.34E-20,3.03E-21,6.74E-22,1.47E-22,3.18E-23,6.74E-24,1.41E-24,2.90E-25,5.88E-26,1.18E-26,2.32E-27,4.51E-28,8.65E-29,1.64E-29,3.05E-30
4.59E-06,3.44E-05,0.00017207,0.000645263,0.001935788,0.00483947,0.010370294,0.0194443,0.032407167,0.048610751,0.066287387,0.082859234,0.095606809,0.102435867,0.102435867,0.096033625,0.084735551,0.07061296,0.055747073,0.041810305,0.029864504,0.020362162,0.013279671,0.008299794,0.004979876,0.002873006,0.001596114,0.000855061,0.000442273,0.000221137,0.000107002,5.02E-05,2.28E-05,1.01E-05,4.31E-06,1.80E-06,7.28E-07,2.87E-07,1.11E-07,4.15E-08,1.52E-08,5.42E-09,1.89E-09,6.44E-10,2.15E-10,7.00E-11,2.23E-11,6.98E-12,2.14E-12,6.41E-13,1.89E-13,5.44E-14,1.54E-14,4.28E-15,1.17E-15,3.12E-16,8.22E-17,2.13E-17,5.41E-18,1.35E-18,3.32E-19,8.04E-20,1.91E-20,4.49E-21,1.04E-21,2.35E-22,5.27E-23,1.16E-23,2.53E-24,5.41E-25,1.14E-25,2.38E-26,4.90E-27,9.93E-28,1.99E-28
1.80E-06,1.44E-05,7.68E-05,0.000307296,0.000983347,0.00262226,0.005993736,0.011987473,0.021311062,0.0340977,0.049596654,0.066128872,0.081389381,0.093016436,0.099217532,0.099217532,0.093381206,0.083005517,0.069899382,0.055919506,0.042605338,0.0309857,0.02155527,0.01437018,0.009196915,0.00565964,0.003353861,0.001916492,0.001057375,0.000563933,0.000291062,0.000145531,7.06E-05,3.32E-05,1.52E-05,6.75E-06,2.92E-06,1.23E-06,5.04E-07,2.02E-07,7.87E-08,3.00E-08,1.12E-08,4.05E-09,1.44E-09,5.01E-10,1.71E-10,5.69E-11,1.86E-11,5.95E-12,1.87E-12,5.74E-13,1.73E-13,5.13E-14,1.49E-14,4.27E-15,1.20E-15,3.30E-16,8.96E-17,2.39E-17,6.27E-18,1.62E-18,4.11E-19,1.03E-19,2.53E-20,6.13E-21,1.46E-21,3.44E-22,7.98E-23,1.83E-23,4.11E-24,9.14E-25,2.00E-25,4.33E-26,9.24E-27
7.04E-07,5.98E-06,3.39E-05,0.000144072,0.000489843,0.001387889,0.003370588,0.0071625,0.013529167,0.022999584,0.035544812,0.050355151,0.065849043,0.079959552,0.090620826,0.096284628,0.096284628,0.090935482,0.081363326,0.069158827,0.055985717,0.04326169,0.031976032,0.022649689,0.015401789,0.0100704,0.006340622,0.003849664,0.002256699,0.001278796,0.000701275,0.000372553,0.000191921,9.60E-05,4.66E-05,2.20E-05,1.01E-05,4.52E-06,1.97E-06,8.38E-07,3.48E-07,1.41E-07,5.56E-08,2.15E-08,8.12E-09,3.00E-09,1.08E-09,3.84E-10,1.33E-10,4.53E-11,1.51E-11,4.94E-12,1.58E-12,4.99E-13,1.54E-13,4.68E-14,1.40E-14,4.09E-15,1.18E-15,3.34E-16,9.31E-17,2.55E-17,6.89E-18,1.83E-18,4.78E-19,1.23E-19,3.13E-20,7.82E-21,1.93E-21,4.68E-22,1.12E-22,2.64E-23,6.16E-24,1.41E-24,3.21E-25
2.74E-07,2.47E-06,1.48E-05,6.66E-05,0.000239817,0.000719452,0.00185002,0.004162544,0.008325088,0.014985159,0.024521169,0.036781753,0.050928581,0.065479604,0.078575525,0.088397466,0.093597316,0.093597316,0.088671142,0.079804028,0.068403452,0.055966461,0.043799839,0.032849879,0.023651913,0.016374401,0.010916268,0.007017601,0.004355752,0.002613451,0.001517488,0.000853587,0.000465593,0.00024649,0.000126766,6.34E-05,3.08E-05,1.46E-05,6.74E-06,3.03E-06,1.33E-06,5.71E-07,2.39E-07,9.77E-08,3.91E-08,1.53E-08,5.86E-09,2.20E-09,8.07E-10,2.91E-10,1.03E-10,3.55E-11,1.21E-11,4.02E-12,1.32E-12,4.23E-13,1.34E-13,4.14E-14,1.26E-14,3.79E-15,1.12E-15,3.25E-16,9.28E-17,2.61E-17,7.23E-18,1.97E-18,5.30E-19,1.40E-19,3.66E-20,9.41E-21,2.38E-21,5.96E-22,1.47E-22,3.58E-23,8.58E-24
1.06E-07,1.01E-06,6.40E-06,3.04E-05,0.000115609,0.000366095,0.000993687,0.002360006,0.004982235,0.009466247,0.01635079,0.025888751,0.037837405,0.051350763,0.0650443,0.077240107,0.086327178,0.091123132,0.091123132,0.086566976,0.078322502,0.067642161,0.055878307,0.044236993,0.033620115,0.024568545,0.017288976,0.011731805,0.007686355,0.004868025,0.002983628,0.001771529,0.001019971,0.000569984,0.00030942,0.000163305,8.39E-05,4.19E-05,2.04E-05,9.70E-06,4.50E-06,2.03E-06,8.99E-07,3.88E-07,1.64E-07,6.77E-08,2.74E-08,1.08E-08,4.20E-09,1.60E-09,5.95E-10,2.17E-10,7.79E-11,2.74E-11,9.47E-12,3.21E-12,1.07E-12,3.51E-13,1.13E-13,3.58E-14,1.11E-14,3.41E-15,1.03E-15,3.06E-16,8.93E-17,2.57E-17,7.29E-18,2.04E-18,5.61E-19,1.52E-19,4.08E-20,1.08E-20,2.80E-21,7.19E-22,1.82E-22
4.12E-08,4.12E-07,2.75E-06,1.37E-05,5.50E-05,0.000183214,0.000523468,0.001308669,0.002908153,0.005816307,0.010575103,0.017625171,0.027115648,0.03873664,0.051648854,0.064561067,0.075954196,0.084393552,0.088835317,0.088835317,0.084605064,0.076913695,0.066881474,0.055734561,0.044587649,0.034298192,0.025406068,0.018147191,0.012515304,0.008343536,0.005382927,0.003364329,0.002038987,0.001199404,0.000685374,0.000380763,0.000205818,0.000108325,5.56E-05,2.78E-05,1.35E-05,6.45E-06,3.00E-06,1.36E-06,6.06E-07,2.64E-07,1.12E-07,4.67E-08,1.91E-08,7.63E-09,2.99E-09,1.15E-09,4.34E-10,1.61E-10,5.85E-11,2.09E-11,7.33E-12,2.53E-12,8.57E-13,2.86E-13,9.36E-14,3.02E-14,9.59E-15,3.00E-15,9.22E-16,2.79E-16,8.34E-17,2.45E-17,7.11E-18,2.03E-18,5.72E-19,1.59E-19,4.35E-20,1.18E-20,3.14E-21
1.59E-08,1.67E-07,1.17E-06,6.14E-06,2.58E-05,9.03E-05,0.000270969,0.000711295,0.001659688,0.003485345,0.006653841,0.011644221,0.018809896,0.028214844,0.039500782,0.051844776,0.064043547,0.074717471,0.082582468,0.086711592,0.086711592,0.082770156,0.075572751,0.066126157,0.055545972,0.044864054,0.034894264,0.026170698,0.018951195,0.013265837,0.008986535,0.005897413,0.003752899,0.002317967,0.00139078,0.000811289,0.000460461,0.000254465,0.00013702,7.19E-05,3.68E-05,1.84E-05,9.00E-06,4.29E-06,2.00E-06,9.15E-07,4.09E-07,1.79E-07,7.66E-08,3.22E-08,1.33E-08,5.35E-09,2.12E-09,8.25E-10,3.15E-10,1.18E-10,4.35E-11,1.58E-11,5.61E-12,1.96E-12,6.76E-13,2.29E-13,7.63E-14,2.50E-14,8.09E-15,2.57E-15,8.06E-16,2.49E-16,7.58E-17,2.27E-17,6.73E-18,1.96E-18,5.64E-19,1.60E-19,4.48E-20
6.14E-09,6.75E-08,4.95E-07,2.72E-06,1.20E-05,4.39E-05,0.000138054,0.000379649,0.000928031,0.002041668,0.004083336,0.007486117,0.012668813,0.019908135,0.029198598,0.040148072,0.051956329,0.06350218,0.07352884,0.080881724,0.084733234,0.084733234,0.081049181,0.074295082,0.065379672,0.055321261,0.045076583,0.035417315,0.026868308,0.019703426,0.013983077,0.009613365,0.00640891,0.004146942,0.002606649,0.001592952,0.000947161,0.000548356,0.000309329,0.000170131,9.13E-05,4.78E-05,2.45E-05,1.22E-05,5.98E-06,2.86E-06,1.34E-06,6.14E-07,2.76E-07,1.21E-07,5.23E-08,2.21E-08,9.18E-09,3.74E-09,1.50E-09,5.88E-10,2.27E-10,8.61E-11,3.21E-11,1.18E-11,4.24E-12,1.51E-12,5.26E-13,1.81E-13,6.12E-14,2.04E-14,6.70E-15,2.17E-15,6.91E-16,2.17E-16,6.73E-17,2.06E-17,6.20E-18,1.84E-18,5.40E-19
2.36E-09,2.71E-08,2.08E-07,1.20E-06,5.50E-06,2.11E-05,6.93E-05,0.00019931,0.000509348,0.0011715,0.0024495,0.004694874,0.008306316,0.013646091,0.020924006,0.030078259,0.040694115,0.051998036,0.062944992,0.07238674,0.079280716,0.082884384,0.082884384,0.079430868,0.073076399,0.064644507,0.055067543,0.045234053,0.035875283,0.027504384,0.020406478,0.014667156,0.010222564,0.006915264,0.004544316,0.002903313,0.001804762,0.001092356,0.00064421,0.000370421,0.000207797,0.000113794,6.09E-05,3.18E-05,1.63E-05,8.13E-06,3.98E-06,1.91E-06,8.95E-07,4.12E-07,1.86E-07,8.21E-08,3.56E-08,1.52E-08,6.35E-09,2.61E-09,1.05E-09,4.17E-10,1.63E-10,6.23E-11,2.35E-11,8.72E-12,3.18E-12,1.14E-12,4.05E-13,1.41E-13,4.84E-14,1.64E-14,5.46E-15,1.79E-15,5.81E-16,1.86E-16,5.85E-17,1.82E-17,5.57E-18
9.06E-10,1.09E-08,8.70E-08,5.22E-07,2.50E-06,1.00E-05,3.44E-05,0.000103063,0.000274834,0.000659602,0.001439131,0.002878262,0.005313715,0.009109226,0.014574761,0.021862142,0.0308642,0.041152267,0.051981811,0.062378173,0.071289341,0.07777019,0.081151503,0.081151503,0.077905442,0.071912716,0.063922414,0.054790641,0.045343979,0.036275183,0.028084013,0.021063009,0.015318552,0.010813096,0.007414694,0.004943129,0.003206354,0.002025066,0.001246194,0.000747717,0.000437688,0.000250107,0.000139595,7.61E-05,4.06E-05,2.12E-05,1.08E-05,5.41E-06,2.65E-06,1.27E-06,5.98E-07,2.76E-07,1.25E-07,5.56E-08,2.43E-08,1.04E-08,4.38E-09,1.81E-09,7.37E-10,2.95E-10,1.16E-10,4.49E-11,1.71E-11,6.41E-12,2.37E-12,8.61E-13,3.08E-13,1.09E-13,3.79E-14,1.30E-14,4.39E-15,1.46E-15,4.81E-16,1.56E-16,4.99E-17
3.47E-10,4.34E-09,3.62E-08,2.26E-07,1.13E-06,4.71E-06,1.68E-05,5.26E-05,0.000145994,0.000364985,0.000829511,0.001728149,0.003323363,0.005934576,0.009890961,0.015454626,0.022727391,0.031565821,0.041533975,0.051917469,0.06180651,0.070234671,0.076342033,0.079522951,0.079522951,0.076464376,0.070800349,0.063214597,0.054495342,0.045412785,0.036623214,0.028611886,0.021675671,0.015937993,0.011384281,0.007905751,0.005341723,0.003514292,0.002252751,0.001407969,0.000858518,0.000511023,0.000297106,0.00016881,9.38E-05,5.10E-05,2.71E-05,1.41E-05,7.20E-06,3.60E-06,1.77E-06,8.49E-07,4.00E-07,1.85E-07,8.43E-08,3.76E-08,1.65E-08,7.11E-09,3.01E-09,1.26E-09,5.15E-10,2.08E-10,8.23E-11,3.22E-11,1.24E-11,4.69E-12,1.75E-12,6.43E-13,2.33E-13,8.32E-14,2.93E-14,1.02E-14,3.48E-15,1.18E-15,3.92E-16
1.33E-10,1.73E-09,1.50E-08,9.73E-08,5.06E-07,2.19E-06,8.14E-06,2.65E-05,7.64E-05,0.000198753,0.00046978,0.001017857,0.002035714,0.003780611,0.006553059,0.010648721,0.016286279,0.023524625,0.032191592,0.04184907,0.051813135,0.061233704,0.069220709,0.074989102,0.077988666,0.077988666,0.075100197,0.069735897,0.062521839,0.054185594,0.045445982,0.03692486,0.029092314,0.022247064,0.01652639,0.011935726,0.008387267,0.005738656,0.003825771,0.002486751,0.001576964,0.000976216,0.00059027,0.000348796,0.000201527,0.000113906,6.30E-05,3.41E-05,1.81E-05,9.42E-06,4.80E-06,2.40E-06,1.18E-06,5.67E-07,2.68E-07,1.24E-07,5.68E-08,2.54E-08,1.12E-08,4.86E-09,2.07E-09,8.69E-10,3.58E-10,1.46E-10,5.82E-11,2.29E-11,8.90E-12,3.40E-12,1.28E-12,4.77E-13,1.74E-13,6.30E-14,2.24E-14,7.89E-15,2.73E-15
5.07E-11,6.85E-10,6.17E-09,4.16E-08,2.25E-07,1.01E-06,3.90E-06,1.32E-05,3.95E-05,0.000106641,0.000261755,0.000588948,0.0012232,0.002359029,0.004246253,0.007165551,0.011380582,0.017070873,0.024258609,0.032749122,0.042106013,0.051675562,0.060662616,0.068245443,0.073705079,0.076539889,0.076539889,0.073806322,0.068716231,0.061844608,0.053864658,0.045448305,0.037184977,0.029529247,0.022779704,0.017084778,0.012467271,0.008858324,0.006132686,0.004139563,0.002726054,0.001752463,0.001100384,0.000675235,0.000405141,0.0002378,0.000136609,7.68E-05,4.23E-05,2.29E-05,1.21E-05,6.29E-06,3.20E-06,1.60E-06,7.86E-07,3.79E-07,1.79E-07,8.36E-08,3.82E-08,1.72E-08,7.62E-09,3.32E-09,1.42E-09,6.00E-10,2.49E-10,1.02E-10,4.11E-11,1.63E-11,6.38E-12,2.46E-12,9.36E-13,3.51E-13,1.30E-13,4.74E-14,1.70E-14
1.94E-11,2.71E-10,2.53E-09,1.77E-08,9.92E-08,4.63E-07,1.85E-06,6.48E-06,2.02E-05,5.64E-05,0.00014366,0.000335208,0.000721986,0.001443971,0.002695413,0.004716973,0.007769132,0.012085317,0.017809941,0.024933917,0.033245223,0.042312102,0.051510385,0.06009545,0.067306904,0.072484358,0.075168964,0.075168964,0.07257693,0.067738468,0.061183133,0.053535241,0.045423841,0.037407869,0.029926295,0.023276007,0.017614276,0.01297894,0.009318213,0.006522749,0.004454561,0.002969707,0.001933763,0.001230576,0.000765692,0.000466073,0.000277661,0.000161969,9.26E-05,5.18E-05,2.85E-05,1.53E-05,8.09E-06,4.20E-06,2.14E-06,1.07E-06,5.25E-07,2.53E-07,1.20E-07,5.61E-08,2.58E-08,1.16E-08,5.17E-09,2.26E-09,9.74E-10,4.13E-10,1.73E-10,7.11E-11,2.89E-11,1.15E-11,4.55E-12,1.77E-12,6.79E-13,2.57E-13,9.59E-14
7.38E-12,1.07E-10,1.03E-09,7.50E-09,4.35E-08,2.10E-07,8.71E-07,3.16E-06,1.02E-05,2.95E-05,7.77E-05,0.000187888,0.000419135,0.000868208,0.001678535,0.003042345,0.005189882,0.008361476,0.012762253,0.018505267,0.025554893,0.033685995,0.042473646,0.051322323,0.059533894,0.06640319,0.071321945,0.073869157,0.073869157,0.071406852,0.066799958,0.060537462,0.053199588,0.045376119,0.037597356,0.030286759,0.02373827,0.018116049,0.013470908,0.009766408,0.006907947,0.004769773,0.003216824,0.002120179,0.001366338,0.000861387,0.000531494,0.000321111,0.000190045,0.000110226,6.27E-05,3.50E-05,1.91E-05,1.03E-05,5.42E-06,2.80E-06,1.43E-06,7.13E-07,3.51E-07,1.69E-07,8.06E-08,3.77E-08,1.73E-08,7.86E-09,3.51E-09,1.54E-09,6.67E-10,2.84E-10,1.20E-10,4.95E-11,2.02E-11,8.15E-12,3.24E-12,1.27E-12,4.91E-13
2.81E-12,4.21E-11,4.21E-10,3.16E-09,1.89E-08,9.47E-08,4.06E-07,1.52E-06,5.08E-06,1.52E-05,4.15E-05,0.000103821,0.000239586,0.000513399,0.001026797,0.001925245,0.003397491,0.005662486,0.008940767,0.01341115,0.019158786,0.026125617,0.034076892,0.042596115,0.051115337,0.058979235,0.065532484,0.070213376,0.072634526,0.072634526,0.070291477,0.06589826,0.059907509,0.052859567,0.0453082,0.037756833,0.030613649,0.02416867,0.018591285,0.013943463,0.010202534,0.007287524,0.005084319,0.003466581,0.002311054,0.001507209,0.000962048,0.00060128,0.000368131,0.000220878,0.000129929,7.50E-05,4.24E-05,2.36E-05,1.29E-05,6.89E-06,3.63E-06,1.88E-06,9.53E-07,4.77E-07,2.34E-07,1.13E-07,5.40E-08,2.53E-08,1.17E-08,5.31E-09,2.38E-09,1.05E-09,4.56E-10,1.96E-10,8.26E-11,3.44E-11,1.41E-11,5.74E-12,2.29E-12
1.07E-12,1.65E-11,1.71E-10,1.32E-09,8.21E-09,4.24E-08,1.88E-07,7.28E-07,2.51E-06,7.78E-06,2.19E-05,5.66E-05,0.000134987,0.0002989,0.000617727,0.001196847,0.002182485,0.003758725,0.006132656,0.009505617,0.014032102,0.019772507,0.0266499,0.034422788,0.042684257,0.050892768,0.058432438,0.064693056,0.069154646,0.071459801,0.071459801,0.069226682,0.065031126,0.059293085,0.052516732,0.045222742,0.037889324,0.030909712,0.024569258,0.019041175,0.014396986,0.010626347,0.007660855,0.00539742,0.003718223,0.002505759,0.001652735,0.001067391,0.000675288,0.000418679,0.000254491,0.000151716,8.87E-05,5.09E-05,2.87E-05,1.59E-05,8.64E-06,4.62E-06,2.43E-06,1.25E-06,6.37E-07,3.19E-07,1.57E-07,7.60E-08,3.62E-08,1.70E-08,7.87E-09,3.59E-09,1.61E-09,7.14E-10,3.12E-10,1.34E-10,5.70E-11,2.39E-11,9.87E-12
4.05E-13,6.48E-12,6.92E-11,5.53E-10,3.54E-09,1.89E-08,8.63E-08,3.45E-07,1.23E-06,3.93E-06,1.14E-05,3.05E-05,7.50E-05,0.000171502,0.00036587,0.00073174,0.001377392,0.002448698,0.004124122,0.006598596,0.010055003,0.014625459,0.020348465,0.027131287,0.034728047,0.042742211,0.050657436,0.057894212,0.063883269,0.068142153,0.070340287,0.070340287,0.068208764,0.064196483,0.058693928,0.05217238,0.045122058,0.037997523,0.031177455,0.024941964,0.019466899,0.014831923,0.01103771,0.008027425,0.005708391,0.003971055,0.002703697,0.001802465,0.00117712,0.000753357,0.000472694,0.000290889,0.000175631,0.000104078,6.06E-05,3.46E-05,1.94E-05,1.07E-05,5.81E-06,3.10E-06,1.63E-06,8.39E-07,4.26E-07,2.13E-07,1.05E-07,5.09E-08,2.43E-08,1.14E-08,5.30E-09,2.42E-09,1.09E-09,4.86E-10,2.13E-10,9.21E-11,3.93E-11
1.54E-13,2.54E-12,2.79E-11,2.30E-10,1.52E-09,8.36E-09,3.94E-08,1.63E-07,5.96E-07,1.97E-06,5.90E-06,1.62E-05,4.12E-05,9.71E-05,0.000213546,0.000440439,0.000854969,0.001567444,0.002722402,0.004491964,0.007058801,0.010588201,0.015191767,0.020888679,0.027573057,0.034996572,0.042773588,0.050411729,0.057365071,0.063101578,0.067172647,0.069271793,0.069271793,0.067234387,0.063392422,0.05810972,0.051827588,0.045008169,0.038083835,0.031419164,0.025288595,0.019869611,0.015248771,0.011436578,0.008386824,0.006016635,0.004224446,0.002904306,0.001955961,0.001290935,0.000835311,0.000530101,0.000330063,0.000201705,0.000121023,7.13E-05,4.13E-05,2.35E-05,1.31E-05,7.23E-06,3.91E-06,2.08E-06,1.09E-06,5.62E-07,2.85E-07,1.43E-07,7.03E-08,3.41E-08,1.63E-08,7.69E-09,3.57E-09,1.64E-09,7.40E-10,3.30E-10,1.45E-10
5.83E-14,9.91E-13,1.12E-11,9.54E-11,6.49E-10,3.68E-09,1.79E-08,7.59E-08,2.87E-07,9.75E-07,3.01E-06,8.54E-06,2.23E-05,5.42E-05,0.000122934,0.000261235,0.000522469,0.000986886,0.001766007,0.003002212,0.004860724,0.007512028,0.011104737,0.015731711,0.021395127,0.027978243,0.035231861,0.042781546,0.050157674,0.056845364,0.062346528,0.066243186,0.068250556,0.068250556,0.06630054,0.062617176,0.057540108,0.051483255,0.044882837,0.038150412,0.031636927,0.025610845,0.020250436,0.015648064,0.011822982,0.008738726,0.006321631,0.004477822,0.00310706,0.002112801,0.001408534,0.000920965,0.000590807,0.00037199,0.000229957,0.000139617,8.33E-05,4.88E-05,2.81E-05,1.59E-05,8.89E-06,4.87E-06,2.63E-06,1.40E-06,7.31E-07,3.76E-07,1.91E-07,9.55E-08,4.71E-08,2.29E-08,1.09E-08,5.17E-09,2.41E-09,1.11E-09,5.02E-10
2.21E-14,3.86E-13,4.51E-12,3.94E-11,2.76E-10,1.61E-09,8.05E-09,3.52E-08,1.37E-07,4.79E-07,1.53E-06,4.45E-06,1.20E-05,2.99E-05,6.99E-05,0.000152814,0.000314616,0.000611754,0.001126916,0.001972102,0.003286837,0.005229059,0.007957263,0.011604342,0.016246079,0.021869722,0.028349639,0.035437049,0.042768853,0.049896995,0.056335317,0.061616753,0.065351101,0.067273192,0.067273192,0.065404493,0.061869115,0.056984711,0.051140125,0.044747609,0.038199179,0.031832649,0.025910296,0.020610462,0.01603036,0.012197013,0.009082882,0.006622935,0.004730668,0.003311467,0.002272576,0.001529618,0.001010125,0.000654711,0.000416634,0.000260396,0.000159892,9.65E-05,5.72E-05,3.34E-05,1.92E-05,1.08E-05,6.01E-06,3.29E-06,1.77E-06,9.38E-07,4.90E-07,2.52E-07,1.28E-07,6.40E-08,3.15E-08,1.53E-08,7.35E-09,3.48E-09,1.62E-09
8.35E-15,1.50E-13,1.80E-12,1.62E-11,1.17E-10,7.01E-10,3.61E-09,1.62E-08,6.49E-08,2.34E-07,7.65E-07,2.29E-06,6.35E-06,1.63E-05,3.92E-05,8.82E-05,0.000186841,0.000373682,0.00070803,0.001274454,0.002184778,0.003575091,0.005595794,0.008393691,0.012086916,0.016735729,0.022314306,0.028689822,0.035614951,0.042737941,0.049631158,0.055835053,0.060910966,0.064493964,0.066336649,0.066336649,0.064543767,0.061146726,0.056443132,0.050798819,0.044603841,0.038231864,0.032008072,0.026188422,0.020950738,0.01639623,0.012558814,0.009419111,0.006920163,0.004982517,0.003517071,0.002434895,0.001653891,0.001102594,0.000721698,0.000463949,0.00029302,0.000181875,0.000110974,6.66E-05,3.93E-05,2.28E-05,1.30E-05,7.33E-06,4.06E-06,2.22E-06,1.19E-06,6.30E-07,3.29E-07,1.69E-07,8.57E-08,4.29E-08,2.11E-08,1.03E-08,4.94E-09
3.16E-15,5.84E-14,7.20E-13,6.66E-12,4.93E-11,3.04E-10,1.61E-09,7.43E-09,3.06E-08,1.13E-07,3.80E-07,1.17E-06,3.34E-06,8.82E-06,2.18E-05,5.03E-05,0.000109513,0.00022511,0.000438371,0.000810987,0.001428882,0.00240312,0.003865889,0.005959912,0.00882067,0.012552492,0.017201564,0.022730638,0.029001159,0.035768096,0.042690953,0.049361414,0.055344616,0.060227964,0.063669562,0.065438161,0.065438161,0.063716104,0.060448612,0.055914966,0.050459847,0.044452723,0.038250017,0.032164787,0.026446603,0.021272267,0.016746253,0.01290857,0.009747288,0.007212993,0.005232956,0.003723449,0.002599389,0.001781063,0.00119817,0.000791648,0.000513877,0.000327818,0.000205581,0.000126775,7.69E-05,4.59E-05,2.70E-05,1.56E-05,8.87E-06,4.97E-06,2.75E-06,1.49E-06,8.01E-07,4.23E-07,2.21E-07,1.13E-07,5.75E-08,2.87E-08,1.42E-08
1.19E-15,2.27E-14,2.87E-13,2.73E-12,2.07E-11,1.31E-10,7.13E-10,3.38E-09,1.43E-08,5.43E-08,1.88E-07,5.94E-07,1.74E-06,4.71E-06,1.19E-05,2.84E-05,6.34E-05,0.000133836,0.000267672,0.000508577,0.000920283,0.001589579,0.002626262,0.004158248,0.006320536,0.009237707,0.013001217,0.017644509,0.023120391,0.029285828,0.035898757,0.042629774,0.049088831,0.054863987,0.059566615,0.062875871,0.064575219,0.064575219,0.062919444,0.059773472,0.055399803,0.050123632,0.044295302,0.038255034,0.032304251,0.02668612,0.021576012,0.01708101,0.013246497,0.010067338,0.007501154,0.005481612,0.003930213,0.002765705,0.001910851,0.001296649,0.000864433,0.000566352,0.000364769,0.000231021,0.000143914,8.82E-05,5.32E-05,3.16E-05,1.85E-05,1.06E-05,6.03E-06,3.37E-06,1.86E-06,1.01E-06,5.39E-07,2.85E-07,1.48E-07,7.61E-08,3.85E-08
4.50E-16,8.78E-15,1.14E-13,1.11E-12,8.68E-12,5.64E-11,3.14E-10,1.53E-09,6.64E-09,2.59E-08,9.18E-08,2.99E-07,8.96E-07,2.49E-06,6.49E-06,1.58E-05,3.63E-05,7.86E-05,0.000161305,0.000314545,0.000584155,0.001035547,0.001755928,0.002853383,0.004451278,0.006676917,0.009644435,0.013433321,0.0180655,0.02348515,0.029545834,0.036008985,0.042556074,0.04881432,0.054393099,0.058925857,0.062111039,0.06374554,0.06374554,0.062151901,0.059120101,0.054897237,0.049790517,0.044132504,0.03824817,0.032427796,0.026908171,0.021862889,0.017401075,0.013572839,0.01037923,0.007784422,0.00572816,0.004137004,0.002933512,0.002042982,0.00139783,0.00093992,0.000621303,0.000403847,0.000258197,0.000162414,0.000100542,6.13E-05,3.68E-05,2.17E-05,1.26E-05,7.25E-06,4.10E-06,2.28E-06,1.25E-06,6.79E-07,3.63E-07,1.91E-07,9.95E-08
1.70E-16,3.40E-15,4.53E-14,4.53E-13,3.63E-12,2.42E-11,1.38E-10,6.91E-10,3.07E-09,1.23E-08,4.46E-08,1.49E-07,4.58E-07,1.31E-06,3.49E-06,8.72E-06,2.05E-05,4.56E-05,9.60E-05,0.000191998,0.00036571,0.000664927,0.001156395,0.001927325,0.003083719,0.004744183,0.00702842,0.0100406,0.013849103,0.018465471,0.023826414,0.029783018,0.036100627,0.042471326,0.048538659,0.053931843,0.058304695,0.061373363,0.062947039,0.062947039,0.061411746,0.058487377,0.054406862,0.049460784,0.043965141,0.038230558,0.032536645,0.027113871,0.022133772,0.017707018,0.013887857,0.010682967,0.008062616,0.005972309,0.004343497,0.003102498,0.002177192,0.001501511,0.001017974,0.000678649,0.000445016,0.000287107,0.00018229,0.000113931,7.01E-05,4.25E-05,2.54E-05,1.49E-05,8.65E-06,4.94E-06,2.78E-06,1.55E-06,8.48E-07,4.58E-07,2.44E-07
6.41E-17,1.31E-15,1.80E-14,1.84E-13,1.51E-12,1.03E-11,6.04E-11,3.10E-10,1.41E-09,5.78E-09,2.15E-08,7.36E-08,2.32E-07,6.80E-07,1.86E-06,4.76E-06,1.15E-05,2.62E-05,5.65E-05,0.000115739,0.000225966,0.000421119,0.00075069,0.001282428,0.002103183,0.003316557,0.005036254,0.007374514,0.010426037,0.014248917,0.018845342,0.024145595,0.029999072,0.036175352,0.042376841,0.048262513,0.053480082,0.057702194,0.060661281,0.062177813,0.062177813,0.060697389,0.057874255,0.053928283,0.049134658,0.043793934,0.038203219,0.032631916,0.027304256,0.02238949,0.017999394,0.01419183,0.010978585,0.008335593,0.006213805,0.004549393,0.003272371,0.002313227,0.001607497,0.001098456,0.000738307,0.000488235,0.00031774,0.000203552,0.000128395,7.98E-05,4.88E-05,2.94E-05,1.75E-05,1.02E-05,5.91E-06,3.37E-06,1.89E-06,1.05E-06,5.73E-07
2.41E-17,5.07E-16,7.10E-15,7.45E-14,6.26E-13,4.38E-12,2.63E-11,1.38E-10,6.44E-10,2.71E-09,1.03E-08,3.62E-08,1.17E-07,3.51E-07,9.81E-07,2.58E-06,6.37E-06,1.49E-05,3.28E-05,6.89E-05,0.000137887,0.000263239,0.000480697,0.000841219,0.001413248,0.002282939,0.003551238,0.005326857,0.007714759,0.010800663,0.014633156,0.019206017,0.024444021,0.030195556,0.036234667,0.042273778,0.047986451,0.053037656,0.057117476,0.05997335,0.061436115,0.061436115,0.060007368,0.05727976,0.053461109,0.048812317,0.043619518,0.038167078,0.032714638,0.027480296,0.022630832,0.018278749,0.014485046,0.011266147,0.00860324,0.00645243,0.004754422,0.003442857,0.002450848,0.001715593,0.001181228,0.000800187,0.000533458,0.000350082,0.000226207,0.00014395,9.02E-05,5.57E-05,3.39E-05,2.04E-05,1.20E-05,7.02E-06,4.04E-06,2.29E-06,1.28E-06
9.10E-18,1.96E-16,2.80E-15,3.01E-14,2.59E-13,1.86E-12,1.14E-11,6.13E-11,2.93E-10,1.26E-09,4.92E-09,1.76E-08,5.84E-08,1.79E-07,5.14E-07,1.38E-06,3.49E-06,8.35E-06,1.89E-05,4.06E-05,8.31E-05,0.000162509,0.000303821,0.000544345,0.000936274,0.001548453,0.002466055,0.003787156,0.005615438,0.008048795,0.011164458,0.01500224,0.019548373,0.024722943,0.030373901,0.036279937,0.042163171,0.047710956,0.052604388,0.056549717,0.059308239,0.06072034,0.06072034,0.059340333,0.056702985,0.053004964,0.048493903,0.043442455,0.038122971,0.032785755,0.027642891,0.022858545,0.018545612,0.014767802,0.011545736,0.008865476,0.006687991,0.004958338,0.003613704,0.002589821,0.001825612,0.00126615,0.000864198,0.000580633,0.000384111,0.000250254,0.000160611,0.000101563,6.33E-05,3.89E-05,2.35E-05,1.41E-05,8.28E-06,4.81E-06,2.76E-06
3.42E-18,7.53E-17,1.10E-15,1.22E-14,1.07E-13,7.84E-13,4.93E-12,2.71E-11,1.33E-10,5.83E-10,2.33E-09,8.55E-09,2.89E-08,9.10E-08,2.67E-07,7.34E-07,1.90E-06,4.64E-06,1.08E-05,2.37E-05,4.96E-05,9.91E-05,0.000189653,0.000347697,0.000611947,0.001035603,0.00168765,0.002652021,0.004023756,0.005901508,0.008376334,0.01151746,0.015356613,0.019873264,0.024983531,0.030535427,0.0363124,0.042045937,0.047436441,0.052180086,0.055998141,0.058664719,0.060029015,0.060029015,0.058695036,0.056143078,0.052559478,0.048179521,0.043263244,0.038071654,0.032846133,0.027792882,0.023073336,0.018800496,0.015040397,0.011817455,0.009122246,0.006920324,0.00516092,0.003784675,0.002729929,0.001937369,0.001353083,0.000930245,0.000629704,0.000419803,0.000275691,0.000178389,0.000113755,7.15E-05,4.43E-05,2.71E-05,1.63E-05,9.70E-06,5.69E-06
1.29E-18,2.90E-17,4.35E-16,4.89E-15,4.40E-14,3.30E-13,2.12E-12,1.19E-11,5.97E-11,2.69E-10,1.10E-09,4.12E-09,1.43E-08,4.58E-08,1.38E-07,3.87E-07,1.02E-06,2.56E-06,6.06E-06,1.36E-05,2.92E-05,5.98E-05,0.000116988,0.000219353,0.000394835,0.000683368,0.001138947,0.00183045,0.002840353,0.00426053,0.006184641,0.008697151,0.011859751,0.01569673,0.02018151,0.025226887,0.030681349,0.036333176,0.041922896,0.047163258,0.051764551,0.055462019,0.058041648,0.059360776,0.059360776,0.058070325,0.055599247,0.052124294,0.04786925,0.043082325,0.038013816,0.032896572,0.027931051,0.023275876,0.019043899,0.015303133,0.012081421,0.009373516,0.007149292,0.005361969,0.003955551,0.002870964,0.002050689,0.001441891,0.000998232,0.000680613,0.000457128,0.000302511,0.00019729,0.000126829,8.04E-05,5.02E-05,3.10E-05,1.88E-05,1.13E-05
4.84E-19,1.11E-17,1.71E-16,1.96E-15,1.81E-14,1.39E-13,9.11E-13,5.24E-12,2.68E-11,1.23E-10,5.15E-10,1.97E-09,6.98E-09,2.29E-08,7.04E-08,2.02E-07,5.47E-07,1.40E-06,3.39E-06,7.79E-06,1.71E-05,3.57E-05,7.13E-05,0.000136753,0.000251625,0.000445183,0.00075846,0.001246041,0.001976479,0.003030601,0.00449702,0.006464467,0.009011075,0.012191454,0.016023054,0.020473902,0.025454041,0.030812786,0.036343286,0.041794779,0.046891703,0.05135758,0.054940667,0.05743797,0.058714369,0.058714369,0.057465127,0.055070747,0.051699068,0.047563143,0.04290009,0.037950079,0.032937805,0.02805813,0.0234668,0.0192763,0.015556312,0.012337765,0.009619274,0.007374777,0.005561307,0.004126131,0.003012731,0.0021654,0.001532437,0.001068062,0.000733296,0.000496053,0.000330702,0.000217319,0.000140798,9.00E-05,5.67E-05,3.52E-05,2.16E-05
1.82E-19,4.28E-18,6.70E-17,7.88E-16,7.40E-15,5.80E-14,3.89E-13,2.29E-12,1.19E-11,5.62E-11,2.40E-10,9.40E-10,3.40E-09,1.14E-08,3.57E-08,1.05E-07,2.90E-07,7.58E-07,1.87E-06,4.41E-06,9.86E-06,2.11E-05,4.30E-05,8.43E-05,0.000158475,0.000286474,0.000498676,0.000837064,0.001356621,0.002125372,0.003222339,0.00473281,0.006740669,0.009317983,0.01251272,0.016336051,0.0207512,0.025665958,0.03093077,0.036343655,0.041662239,0.046622029,0.050958962,0.054433436,0.0568527,0.058088629,0.058088629,0.056878449,0.054556879,0.051283467,0.047261234,0.042716885,0.037881011,0.032970509,0.028174799,0.023646706,0.019498161,0.015800234,0.012586627,0.009859525,0.007596683,0.005758776,0.00429623,0.003155044,0.002281339,0.00162459,0.001139638,0.000787691,0.000536543,0.00036025,0.000238476,0.000155672,0.000100227,6.37E-05,3.99E-05
6.84E-20,1.64E-18,2.63E-17,3.15E-16,3.03E-15,2.42E-14,1.66E-13,9.96E-13,5.31E-12,2.55E-11,1.11E-10,4.45E-10,1.64E-09,5.63E-09,1.80E-08,5.41E-08,1.53E-07,4.07E-07,1.03E-06,2.47E-06,5.64E-06,1.23E-05,2.57E-05,5.14E-05,9.87E-05,0.000182187,0.000323888,0.000555237,0.000919014,0.001470422,0.002276782,0.003415173,0.004967524,0.007012976,0.009617795,0.012823727,0.016636186,0.02101413,0.025863545,0.031036254,0.036335126,0.041525859,0.046354447,0.050568488,0.05393972,0.056284925,0.057482477,0.057482477,0.056309365,0.054056991,0.050877168,0.046963539,0.042533017,0.037807126,0.03299531,0.028281694,0.023816164,0.019709929,0.016035196,0.012828157,0.010094287,0.007814932,0.005954234,0.004465676,0.00329773,0.002398349,0.00171822,0.001212861,0.00084373,0.000578557,0.000391137,0.000260758,0.000171457,0.000111216,7.12E-05
2.57E-20,6.29E-19,1.03E-17,1.26E-16,1.23E-15,1.01E-14,7.06E-14,4.32E-13,2.35E-12,1.15E-11,5.14E-11,2.10E-10,7.90E-10,2.77E-09,9.04E-09,2.77E-08,7.98E-08,2.17E-07,5.60E-07,1.37E-06,3.20E-06,7.13E-06,1.52E-05,3.10E-05,6.08E-05,0.000114564,0.000207913,0.000363848,0.000614777,0.001004136,0.001587183,0.002430375,0.003608738,0.005200828,0.007281159,0.009910467,0.013124672,0.01692392,0.021263386,0.026047648,0.031130116,0.036318469,0.041386162,0.046089135,0.050185947,0.053458944,0.055733793,0.056894913,0.056894913,0.055757015,0.053570465,0.050479862,0.046670061,0.042348759,0.037728894,0.033012782,0.028379409,0.023975708,0.019912029,0.01626149,0.013062508,0.010323595,0.008029463,0.006147558,0.004634313,0.003440626,0.002516279,0.001813201,0.001287635,0.000901345,0.000622055,0.000423343,0.000284162,0.000188161,0.000122932
9.64E-21,2.41E-19,4.02E-18,5.02E-17,5.02E-16,4.19E-15,2.99E-14,1.87E-13,1.04E-12,5.19E-12,2.36E-11,9.83E-11,3.78E-10,1.35E-09,4.50E-09,1.41E-08,4.14E-08,1.15E-07,3.02E-07,7.56E-07,1.80E-06,4.09E-06,8.89E-06,1.85E-05,3.71E-05,7.13E-05,0.000131972,0.000235665,0.000406319,0.000677198,0.001092256,0.001706649,0.002585832,0.003802695,0.005432421,0.007545029,0.010195985,0.01341577,0.017199705,0.021499631,0.026219062,0.03121317,0.036294383,0.041243617,0.045826241,0.049811132,0.052990566,0.055198506,0.056325006,0.056325006,0.055220594,0.053096725,0.05009125,0.046380787,0.042164352,0.037646743,0.033023459,0.028468499,0.024125847,0.020104872,0.016479403,0.013289841,0.010547493,0.008240229,0.006338638,0.004801998,0.003583581,0.002634986,0.00190941,0.001363864,0.000960468,0.000666992,0.000456844,0.000308678,0.000205785
